id,selection,replicate,trial,bins,totalbins,time,touch
1,C,1,1,2,2,2400,1
1,C,1,2,19,,22800,1
1,C,1,3,,,1200,1
1,C,1,4,,,1200,1
1,C,1,5,,,595,1
1,C,1,6,,,30,0
1,C,1,7,,,118,1
1,C,1,8,,,30,1
1,C,1,9,,,18,1
1,C,1,10,,,94,1
1,C,1,11,,,689,1
1,C,1,12,,,10,1
2,B,2,1,19,20,22800,1
2,B,2,2,1,,1200,1
2,B,2,3,,,1200,1
2,B,2,4,,,338,1
2,B,2,5,,,59,1
2,B,2,6,,,107,1
2,B,2,7,,,112,1
2,B,2,8,,,30,1
2,B,2,9,,,106,1
2,B,2,10,,,58,0
2,B,2,11,,,142,1
2,B,2,12,,,85,1
3,B,2,1,19,20,22800,1
3,B,2,2,1,,1200,1
3,B,2,3,,,1102,1
3,B,2,4,,,531,1
3,B,2,5,,,32,1
3,B,2,6,,,21,1
3,B,2,7,,,48,1
3,B,2,8,,,32,1
3,B,2,9,,,24,1
3,B,2,10,,,30,1
3,B,2,11,,,16,1
3,B,2,12,,,144,1
4,B,1,1,1,1,1200,1
4,B,1,2,1,,1200,1
4,B,1,3,,,1200,1
4,B,1,4,,,1070,1
4,B,1,5,,,29,1
4,B,1,6,,,1200,1
4,B,1,7,,,9,0
4,B,1,8,,,36,0
4,B,1,9,,,70,1
4,B,1,10,,,12,1
4,B,1,11,,,60,1
4,B,1,12,,,7,0
5,C,2,1,2,2,2400,1
5,C,2,2,2,,2400,1
5,C,2,3,,,97,1
5,C,2,4,,,98,1
5,C,2,5,,,90,1
5,C,2,6,,,267,1
5,C,2,7,,,86,1
5,C,2,8,,,21,1
5,C,2,9,,,29,1
5,C,2,10,,,17,1
5,C,2,11,,,14,1
5,C,2,12,,,40,1
6,B,3,1,19,38,22800,1
6,B,3,2,19,,22800,1
6,B,3,3,,,238,1
6,B,3,4,,,72,1
6,B,3,5,,,58,1
6,B,3,6,,,82,1
6,B,3,7,,,34,1
6,B,3,8,,,81,0
6,B,3,9,,,25,1
6,B,3,10,,,68,1
6,B,3,11,,,28,0
6,B,3,12,,,15,1
7,C,1,1,1,1,1200,1
7,C,1,2,1,,1200,1
7,C,1,3,,,12,1
7,C,1,4,,,82,1
7,C,1,5,,,103,1
7,C,1,6,,,14,1
7,C,1,7,,,13,1
7,C,1,8,,,4,0
7,C,1,9,,,16,1
7,C,1,10,,,15,1
7,C,1,11,,,2,0
7,C,1,12,,,52,1
8,C,1,1,11,11,13200,1
8,C,1,2,4,,4800,1
8,C,1,3,,,609,1
8,C,1,4,,,358,1
8,C,1,5,,,63,1
8,C,1,6,,,731,1
8,C,1,7,,,57,0
8,C,1,8,,,18,1
8,C,1,9,,,26,0
8,C,1,10,,,4,0
8,C,1,11,,,2,0
8,C,1,12,,,280,1
9,B,1,1,1,1,1200,1
9,B,1,2,19,,22800,1
9,B,1,3,,,1200,1
9,B,1,4,,,1200,1
9,B,1,5,,,95,1
9,B,1,6,,,24,1
9,B,1,7,,,1200,1
9,B,1,8,,,15,1
9,B,1,9,,,29,1
9,B,1,10,,,13,1
9,B,1,11,,,9,1
9,B,1,12,,,163,1
10,B,3,1,8,8,9600,1
10,B,3,2,1,,1200,1
10,B,3,3,,,340,1
10,B,3,4,,,38,1
10,B,3,5,,,24,1
10,B,3,6,,,33,1
10,B,3,7,,,26,0
10,B,3,8,,,31,0
10,B,3,9,,,20,1
10,B,3,10,,,25,1
10,B,3,11,,,16,1
10,B,3,12,,,42,0
11,B,2,1,2,2,2400,1
11,B,2,2,1,,1200,1
11,B,2,3,,,26,1
11,B,2,4,,,22,1
11,B,2,5,,,81,1
11,B,2,6,,,18,1
11,B,2,7,,,66,1
11,B,2,8,,,25,1
11,B,2,9,,,11,1
11,B,2,10,,,24,1
11,B,2,11,,,19,1
11,B,2,12,,,13,1
12,B,3,1,5,5,6000,1
12,B,3,2,1,,1200,1
12,B,3,3,,,441,1
12,B,3,4,,,294,1
12,B,3,5,,,83,1
12,B,3,6,,,168,1
12,B,3,7,,,33,1
12,B,3,8,,,18,1
12,B,3,9,,,48,1
12,B,3,10,,,10,0
12,B,3,11,,,38,1
12,B,3,12,,,16,1
13,C,3,1,3,3,3600,1
13,C,3,2,1,,1200,1
13,C,3,3,,,69,1
13,C,3,4,,,53,1
13,C,3,5,,,113,1
13,C,3,6,,,110,1
13,C,3,7,,,40,1
13,C,3,8,,,11,1
13,C,3,9,,,20,1
13,C,3,10,,,218,1
13,C,3,11,,,27,1
13,C,3,12,,,14,0
14,A,2,1,1,1,1200,1
14,A,2,2,1,,1200,1
14,A,2,3,,,68,1
14,A,2,4,,,74,1
14,A,2,5,,,29,0
14,A,2,6,,,78,1
14,A,2,7,,,19,1
14,A,2,8,,,90,0
14,A,2,9,,,13,1
14,A,2,10,,,85,1
14,A,2,11,,,12,1
14,A,2,12,,,10,1
15,C,1,1,5,5,6000,1
15,C,1,2,1,,1200,1
15,C,1,3,,,142,1
15,C,1,4,,,133,1
15,C,1,5,,,21,1
15,C,1,6,,,45,1
15,C,1,7,,,11,1
15,C,1,8,,,25,1
15,C,1,9,,,21,1
15,C,1,10,,,20,0
15,C,1,11,,,12,1
15,C,1,12,,,7,1
16,A,1,1,3,3,3600,1
16,A,1,2,4,,4800,1
16,A,1,3,,,197,1
16,A,1,4,,,1,1
16,A,1,5,,,13,0
16,A,1,6,,,15,1
16,A,1,7,,,36,1
16,A,1,8,,,61,1
16,A,1,9,,,19,1
16,A,1,10,,,102,1
16,A,1,11,,,16,1
16,A,1,12,,,8,1
17,B,1,1,1,1,1200,1
17,B,1,2,3,,3600,1
17,B,1,3,,,90,1
17,B,1,4,,,86,1
17,B,1,5,,,167,1
17,B,1,6,,,127,1
17,B,1,7,,,28,1
17,B,1,8,,,35,1
17,B,1,9,,,2,1
17,B,1,10,,,30,1
17,B,1,11,,,17,1
17,B,1,12,,,15,0
18,C,2,1,19,25,22800,1
18,C,2,2,6,,7200,1
18,C,2,3,,,1200,1
18,C,2,4,,,575,1
18,C,2,5,,,131,1
18,C,2,6,,,108,1
18,C,2,7,,,19,1
18,C,2,8,,,17,1
18,C,2,9,,,24,1
18,C,2,10,,,27,1
18,C,2,11,,,22,1
18,C,2,12,,,3,0
19,A,2,1,10,10,12000,1
19,A,2,2,1,,1200,1
19,A,2,3,,,59,1
19,A,2,4,,,44,1
19,A,2,5,,,22,1
19,A,2,6,,,43,1
19,A,2,7,,,20,0
19,A,2,8,,,47,1
19,A,2,9,,,12,1
19,A,2,10,,,14,1
19,A,2,11,,,7,1
19,A,2,12,,,9,1
20,C,1,1,1,1,1200,1
20,C,1,2,1,,1200,1
20,C,1,3,,,149,1
20,C,1,4,,,68,1
20,C,1,5,,,99,1
20,C,1,6,,,12,0
20,C,1,7,,,109,1
20,C,1,8,,,22,0
20,C,1,9,,,56,1
20,C,1,10,,,30,1
20,C,1,11,,,5,1
20,C,1,12,,,115,1
21,C,3,1,13,13,15600,1
21,C,3,2,4,,4800,1
21,C,3,3,,,115,1
21,C,3,4,,,62,1
21,C,3,5,,,59,1
21,C,3,6,,,144,1
21,C,3,7,,,64,1
21,C,3,8,,,23,0
21,C,3,9,,,30,0
21,C,3,10,,,31,1
21,C,3,11,,,18,1
21,C,3,12,,,37,1
22,A,3,1,19,21,22800,1
22,A,3,2,2,,2400,1
22,A,3,3,,,1117,1
22,A,3,4,,,137,1
22,A,3,5,,,274,1
22,A,3,6,,,50,1
22,A,3,7,,,33,1
22,A,3,8,,,153,1
22,A,3,9,,,2,1
22,A,3,10,,,13,1
22,A,3,11,,,19,1
22,A,3,12,,,19,1
23,C,3,1,1,1,1200,1
23,C,3,2,1,,1200,1
23,C,3,3,,,313,1
23,C,3,4,,,80,1
23,C,3,5,,,252,1
23,C,3,6,,,56,1
23,C,3,7,,,56,1
23,C,3,8,,,10,1
23,C,3,9,,,16,1
23,C,3,10,,,17,1
23,C,3,11,,,5,0
23,C,3,12,,,17,1
24,B,3,1,,,NA,NA
24,B,3,2,,,NA,NA
24,B,3,3,,,NA,NA
24,B,3,4,,,NA,NA
24,B,3,5,,,NA,NA
24,B,3,6,,,NA,NA
24,B,3,7,,,NA,NA
24,B,3,8,,,NA,NA
24,B,3,9,,,NA,NA
24,B,3,10,,,NA,NA
24,B,3,11,,,NA,NA
24,B,3,12,,,NA,NA
25,C,1,1,19,27,22800,1
25,C,1,2,8,,9600,1
25,C,1,3,,,1200,1
25,C,1,4,,,1200,1
25,C,1,5,,,127,1
25,C,1,6,,,510,1
25,C,1,7,,,139,1
25,C,1,8,,,15,1
25,C,1,9,,,51,1
25,C,1,10,,,19,1
25,C,1,11,,,38,1
25,C,1,12,,,36,1
26,A,3,1,1,1,1200,1
26,A,3,2,1,,1200,1
26,A,3,3,,,1200,1
26,A,3,4,,,1200,1
26,A,3,5,,,146,1
26,A,3,6,,,126,1
26,A,3,7,,,57,1
26,A,3,8,,,165,1
26,A,3,9,,,39,1
26,A,3,10,,,23,1
26,A,3,11,,,37,1
26,A,3,12,,,20,0
27,B,2,1,19,38,22800,1
27,B,2,2,19,,22800,1
27,B,2,3,,,1200,1
27,B,2,4,,,1200,1
27,B,2,5,,,206,1
27,B,2,6,,,612,1
27,B,2,7,,,34,1
27,B,2,8,,,154,1
27,B,2,9,,,49,1
27,B,2,10,,,35,1
27,B,2,11,,,72,1
27,B,2,12,,,6,1
28,C,2,1,2,2,2400,1
28,C,2,2,19,,22800,1
28,C,2,3,,,436,1
28,C,2,4,,,10,1
28,C,2,5,,,555,0
28,C,2,6,,,425,1
28,C,2,7,,,16,1
28,C,2,8,,,6,0
28,C,2,9,,,19,1
28,C,2,10,,,6,1
28,C,2,11,,,16,1
28,C,2,12,,,52,1
29,C,2,1,1,1,1200,1
29,C,2,2,2,,2400,1
29,C,2,3,,,280,1
29,C,2,4,,,8,1
29,C,2,5,,,113,1
29,C,2,6,,,20,1
29,C,2,7,,,14,1
29,C,2,8,,,8,0
29,C,2,9,,,14,1
29,C,2,10,,,12,1
29,C,2,11,,,12,1
29,C,2,12,,,382,1
30,A,3,1,19,29,22800,1
30,A,3,2,10,,12000,1
30,A,3,3,,,754,1
30,A,3,4,,,NA,NA
30,A,3,5,,,NA,NA
30,A,3,6,,,NA,NA
30,A,3,7,,,NA,NA
30,A,3,8,,,NA,NA
30,A,3,9,,,NA,NA
30,A,3,10,,,NA,NA
30,A,3,11,,,NA,NA
30,A,3,12,,,NA,NA
31,A,1,1,1,1,1200,1
31,A,1,2,2,,2400,1
31,A,1,3,,,66,1
31,A,1,4,,,184,1
31,A,1,5,,,155,1
31,A,1,6,,,23,1
31,A,1,7,,,15,1
31,A,1,8,,,9,1
31,A,1,9,,,10,1
31,A,1,10,,,63,1
31,A,1,11,,,79,1
31,A,1,12,,,13,0
32,C,3,1,19,21,22800,1
32,C,3,2,2,,2400,1
32,C,3,3,,,322,1
32,C,3,4,,,660,1
32,C,3,5,,,240,1
32,C,3,6,,,155,1
32,C,3,7,,,70,1
32,C,3,8,,,58,1
32,C,3,9,,,81,1
32,C,3,10,,,35,1
32,C,3,11,,,13,1
32,C,3,12,,,15,1
33,B,2,1,6,6,7200,1
33,B,2,2,1,,1200,1
33,B,2,3,,,112,1
33,B,2,4,,,227,1
33,B,2,5,,,298,1
33,B,2,6,,,362,1
33,B,2,7,,,55,0
33,B,2,8,,,177,0
33,B,2,9,,,53,1
33,B,2,10,,,26,1
33,B,2,11,,,15,0
33,B,2,12,,,15,1
34,B,2,1,4,4,4800,1
34,B,2,2,1,,1200,1
34,B,2,3,,,170,1
34,B,2,4,,,48,1
34,B,2,5,,,38,1
34,B,2,6,,,78,1
34,B,2,7,,,106,1
34,B,2,8,,,22,1
34,B,2,9,,,8,0
34,B,2,10,,,20,1
34,B,2,11,,,78,1
34,B,2,12,,,18,1
35,A,3,1,2,2,2400,1
35,A,3,2,1,,1200,1
35,A,3,3,,,136,1
35,A,3,4,,,158,1
35,A,3,5,,,69,1
35,A,3,6,,,70,1
35,A,3,7,,,66,1
35,A,3,8,,,21,1
35,A,3,9,,,47,1
35,A,3,10,,,3,0
35,A,3,11,,,47,0
35,A,3,12,,,16,1
36,C,1,1,19,38,22800,1
36,C,1,2,19,,22800,1
36,C,1,3,,,1200,1
36,C,1,4,,,1200,1
36,C,1,5,,,559,1
36,C,1,6,,,10,1
36,C,1,7,,,60,1
36,C,1,8,,,235,1
36,C,1,9,,,46,1
36,C,1,10,,,44,1
36,C,1,11,,,14,1
36,C,1,12,,,24,1
37,A,1,1,9,9,10800,1
37,A,1,2,2,,2400,1
37,A,1,3,,,112,1
37,A,1,4,,,90,1
37,A,1,5,,,112,1
37,A,1,6,,,67,1
37,A,1,7,,,40,1
37,A,1,8,,,68,1
37,A,1,9,,,24,1
37,A,1,10,,,18,0
37,A,1,11,,,20,1
37,A,1,12,,,9,1
38,A,2,1,1,1,1200,1
38,A,2,2,1,,1200,1
38,A,2,3,,,180,1
38,A,2,4,,,199,1
38,A,2,5,,,109,1
38,A,2,6,,,54,1
38,A,2,7,,,13,0
38,A,2,8,,,895,1
38,A,2,9,,,36,1
38,A,2,10,,,77,1
38,A,2,11,,,9,1
38,A,2,12,,,33,1
39,B,1,1,15,15,18000,1
39,B,1,2,1,,1200,1
39,B,1,3,,,237,1
39,B,1,4,,,1200,1
39,B,1,5,,,60,1
39,B,1,6,,,62,1
39,B,1,7,,,67,1
39,B,1,8,,,121,1
39,B,1,9,,,108,1
39,B,1,10,,,179,1
39,B,1,11,,,108,1
39,B,1,12,,,129,1
40,B,2,1,1,1,1200,1
40,B,2,2,1,,1200,1
40,B,2,3,,,1200,1
40,B,2,4,,,537,1
40,B,2,5,,,13,1
40,B,2,6,,,83,1
40,B,2,7,,,42,1
40,B,2,8,,,41,1
40,B,2,9,,,11,1
40,B,2,10,,,7,1
40,B,2,11,,,18,1
40,B,2,12,,,15,1
41,B,1,1,1,1,1200,1
41,B,1,2,1,,1200,1
41,B,1,3,,,102,1
41,B,1,4,,,61,1
41,B,1,5,,,60,1
41,B,1,6,,,13,0
41,B,1,7,,,1200,1
41,B,1,8,,,1200,1
41,B,1,9,,,20,1
41,B,1,10,,,31,1
41,B,1,11,,,26,1
41,B,1,12,,,21,1
42,A,1,1,15,15,18000,1
42,A,1,2,8,,9600,1
42,A,1,3,,,99,1
42,A,1,4,,,870,1
42,A,1,5,,,62,1
42,A,1,6,,,12,1
42,A,1,7,,,24,1
42,A,1,8,,,191,1
42,A,1,9,,,150,0
42,A,1,10,,,11,1
42,A,1,11,,,18,0
42,A,1,12,,,39,1
43,B,3,1,19,38,22800,1
43,B,3,2,19,,22800,1
43,B,3,3,,,1200,1
43,B,3,4,,,1200,1
43,B,3,5,,,1200,1
43,B,3,6,,,1200,1
43,B,3,7,,,1200,1
43,B,3,8,,,1200,1
43,B,3,9,,,1200,1
43,B,3,10,,,602,1
43,B,3,11,,,463,1
43,B,3,12,,,310,1
44,A,3,1,19,25,22800,1
44,A,3,2,6,,7200,1
44,A,3,3,,,535,1
44,A,3,4,,,288,1
44,A,3,5,,,835,1
44,A,3,6,,,583,1
44,A,3,7,,,207,1
44,A,3,8,,,236,1
44,A,3,9,,,14,0
44,A,3,10,,,80,1
44,A,3,11,,,20,1
44,A,3,12,,,591,1
45,C,3,1,16,16,19200,1
45,C,3,2,1,,1200,1
45,C,3,3,,,106,1
45,C,3,4,,,237,1
45,C,3,5,,,43,1
45,C,3,6,,,49,1
45,C,3,7,,,59,1
45,C,3,8,,,15,1
45,C,3,9,,,14,0
45,C,3,10,,,15,1
45,C,3,11,,,19,1
45,C,3,12,,,25,1
46,B,1,1,1,1,1200,1
46,B,1,2,4,,4800,1
46,B,1,3,,,42,1
46,B,1,4,,,122,1
46,B,1,5,,,26,1
46,B,1,6,,,36,1
46,B,1,7,,,103,1
46,B,1,8,,,52,1
46,B,1,9,,,51,1
46,B,1,10,,,33,1
46,B,1,11,,,45,0
46,B,1,12,,,36,1
47,B,3,1,1,1,1200,1
47,B,3,2,1,,1200,1
47,B,3,3,,,56,1
47,B,3,4,,,23,1
47,B,3,5,,,35,1
47,B,3,6,,,19,1
47,B,3,7,,,131,0
47,B,3,8,,,299,1
47,B,3,9,,,353,0
47,B,3,10,,,485,1
47,B,3,11,,,30,1
47,B,3,12,,,18,1
48,B,1,1,1,1,1200,1
48,B,1,2,1,,1200,1
48,B,1,3,,,12,1
48,B,1,4,,,60,1
48,B,1,5,,,84,1
48,B,1,6,,,16,1
48,B,1,7,,,75,1
48,B,1,8,,,249,1
48,B,1,9,,,343,0
48,B,1,10,,,424,0
48,B,1,11,,,48,1
48,B,1,12,,,16,1
49,A,1,1,1,1,1200,1
49,A,1,2,1,,1200,1
49,A,1,3,,,36,0
49,A,1,4,,,49,0
49,A,1,5,,,33,1
49,A,1,6,,,172,1
49,A,1,7,,,90,1
49,A,1,8,,,24,1
49,A,1,9,,,57,1
49,A,1,10,,,7,0
49,A,1,11,,,30,1
49,A,1,12,,,20,1
50,C,3,1,11,11,13200,1
50,C,3,2,2,,2400,1
50,C,3,3,,,760,1
50,C,3,4,,,211,1
50,C,3,5,,,155,1
50,C,3,6,,,189,1
50,C,3,7,,,179,1
50,C,3,8,,,58,0
50,C,3,9,,,44,1
50,C,3,10,,,32,1
50,C,3,11,,,17,0
50,C,3,12,,,48,1
51,A,2,1,10,10,12000,1
51,A,2,2,1,,1200,1
51,A,2,3,,,116,0
51,A,2,4,,,616,0
51,A,2,5,,,29,1
51,A,2,6,,,268,1
51,A,2,7,,,14,1
51,A,2,8,,,5,0
51,A,2,9,,,5,0
51,A,2,10,,,6,1
51,A,2,11,,,8,0
51,A,2,12,,,5,1
52,C,3,1,10,10,12000,1
52,C,3,2,1,,1200,1
52,C,3,3,,,77,1
52,C,3,4,,,140,1
52,C,3,5,,,195,1
52,C,3,6,,,162,1
52,C,3,7,,,93,1
52,C,3,8,,,1145,1
52,C,3,9,,,52,0
52,C,3,10,,,102,0
52,C,3,11,,,43,0
52,C,3,12,,,219,0
53,A,2,1,9,9,10800,1
53,A,2,2,2,,2400,1
53,A,2,3,,,598,1
53,A,2,4,,,114,1
53,A,2,5,,,59,1
53,A,2,6,,,56,1
53,A,2,7,,,420,1
53,A,2,8,,,83,1
53,A,2,9,,,12,0
53,A,2,10,,,121,1
53,A,2,11,,,10,1
53,A,2,12,,,11,1
54,C,2,1,19,23,22800,1
54,C,2,2,4,,4800,1
54,C,2,3,,,193,1
54,C,2,4,,,365,1
54,C,2,5,,,63,1
54,C,2,6,,,23,1
54,C,2,7,,,16,1
54,C,2,8,,,6,0
54,C,2,9,,,109,1
54,C,2,10,,,80,1
54,C,2,11,,,19,1
54,C,2,12,,,188,1
55,B,1,1,9,9,10800,1
55,B,1,2,1,,1200,1
55,B,1,3,,,69,1
55,B,1,4,,,90,1
55,B,1,5,,,102,1
55,B,1,6,,,71,1
55,B,1,7,,,65,1
55,B,1,8,,,57,1
55,B,1,9,,,29,1
55,B,1,10,,,15,1
55,B,1,11,,,25,1
55,B,1,12,,,13,1
56,A,1,1,19,20,22800,1
56,A,1,2,1,,1200,1
56,A,1,3,,,597,1
56,A,1,4,,,358,1
56,A,1,5,,,434,1
56,A,1,6,,,32,1
56,A,1,7,,,88,1
56,A,1,8,,,52,1
56,A,1,9,,,18,1
56,A,1,10,,,61,1
56,A,1,11,,,13,1
56,A,1,12,,,7,1
57,A,2,1,5,5,6000,1
57,A,2,2,1,,1200,1
57,A,2,3,,,193,1
57,A,2,4,,,69,1
57,A,2,5,,,1200,1
57,A,2,6,,,1200,1
57,A,2,7,,,302,1
57,A,2,8,,,121,1
57,A,2,9,,,71,1
57,A,2,10,,,142,1
57,A,2,11,,,154,1
57,A,2,12,,,88,1
58,C,3,1,2,2,2400,1
58,C,3,2,1,,1200,1
58,C,3,3,,,27,1
58,C,3,4,,,173,1
58,C,3,5,,,378,1
58,C,3,6,,,502,1
58,C,3,7,,,14,1
58,C,3,8,,,10,0
58,C,3,9,,,99,1
58,C,3,10,,,42,1
58,C,3,11,,,22,1
58,C,3,12,,,16,1
59,A,3,1,19,25,22800,1
59,A,3,2,6,,7200,1
59,A,3,3,,,600,1
59,A,3,4,,,202,1
59,A,3,5,,,62,1
59,A,3,6,,,437,1
59,A,3,7,,,63,1
59,A,3,8,,,209,1
59,A,3,9,,,70,1
59,A,3,10,,,69,1
59,A,3,11,,,22,1
59,A,3,12,,,338,1
60,C,3,1,10,10,12000,1
60,C,3,2,1,,1200,1
60,C,3,3,,,233,1
60,C,3,4,,,632,1
60,C,3,5,,,793,1
60,C,3,6,,,231,1
60,C,3,7,,,145,1
60,C,3,8,,,397,1
60,C,3,9,,,70,1
60,C,3,10,,,49,1
60,C,3,11,,,24,1
60,C,3,12,,,52,1
61,A,2,1,9,9,10800,1
61,A,2,2,1,,1200,1
61,A,2,3,,,860,1
61,A,2,4,,,51,1
61,A,2,5,,,35,1
61,A,2,6,,,85,1
61,A,2,7,,,27,0
61,A,2,8,,,7,0
61,A,2,9,,,4,0
61,A,2,10,,,252,1
61,A,2,11,,,19,0
61,A,2,12,,,10,1
62,C,3,1,1,1,1200,1
62,C,3,2,4,,4800,1
62,C,3,3,,,1105,1
62,C,3,4,,,141,1
62,C,3,5,,,122,1
62,C,3,6,,,202,1
62,C,3,7,,,77,1
62,C,3,8,,,218,1
62,C,3,9,,,62,1
62,C,3,10,,,27,1
62,C,3,11,,,27,1
62,C,3,12,,,3,0
63,B,1,1,1,1,1200,1
63,B,1,2,1,,1200,1
63,B,1,3,,,1200,1
63,B,1,4,,,130,1
63,B,1,5,,,298,1
63,B,1,6,,,518,1
63,B,1,7,,,1200,1
63,B,1,8,,,1060,1
63,B,1,9,,,182,0
63,B,1,10,,,1200,1
63,B,1,11,,,334,1
63,B,1,12,,,99,1
64,A,2,1,1,1,1200,1
64,A,2,2,7,,8400,1
64,A,2,3,,,1200,1
64,A,2,4,,,537,1
64,A,2,5,,,29,1
64,A,2,6,,,10,1
64,A,2,7,,,10,1
64,A,2,8,,,19,1
64,A,2,9,,,12,1
64,A,2,10,,,7,1
64,A,2,11,,,7,1
64,A,2,12,,,4,0
65,C,2,1,5,5,6000,1
65,C,2,2,1,,1200,1
65,C,2,3,,,782,1
65,C,2,4,,,196,1
65,C,2,5,,,44,1
65,C,2,6,,,64,1
65,C,2,7,,,21,1
65,C,2,8,,,63,1
65,C,2,9,,,177,0
65,C,2,10,,,90,1
65,C,2,11,,,46,1
65,C,2,12,,,48,1
66,C,1,1,1,1,1200,1
66,C,1,2,1,,1200,1
66,C,1,3,,,10,1
66,C,1,4,,,83,1
66,C,1,5,,,22,0
66,C,1,6,,,125,1
66,C,1,7,,,106,1
66,C,1,8,,,37,0
66,C,1,9,,,31,1
66,C,1,10,,,10,1
66,C,1,11,,,9,1
66,C,1,12,,,9,0
67,A,1,1,2,2,2400,1
67,A,1,2,1,,1200,1
67,A,1,3,,,139,1
67,A,1,4,,,45,1
67,A,1,5,,,123,1
67,A,1,6,,,45,1
67,A,1,7,,,20,1
67,A,1,8,,,56,1
67,A,1,9,,,11,1
67,A,1,10,,,183,1
67,A,1,11,,,50,1
67,A,1,12,,,8,1
68,C,2,1,9,9,10800,1
68,C,2,2,1,,1200,1
68,C,2,3,,,191,1
68,C,2,4,,,389,1
68,C,2,5,,,468,1
68,C,2,6,,,21,1
68,C,2,7,,,382,1
68,C,2,8,,,50,0
68,C,2,9,,,8,0
68,C,2,10,,,148,1
68,C,2,11,,,63,1
68,C,2,12,,,41,1
69,C,1,1,1,1,1200,1
69,C,1,2,1,,1200,1
69,C,1,3,,,180,1
69,C,1,4,,,174,1
69,C,1,5,,,142,1
69,C,1,6,,,55,1
69,C,1,7,,,32,1
69,C,1,8,,,34,0
69,C,1,9,,,38,1
69,C,1,10,,,1200,1
69,C,1,11,,,31,1
69,C,1,12,,,70,1
70,A,2,1,9,9,10800,1
70,A,2,2,1,,1200,1
70,A,2,3,,,111,1
70,A,2,4,,,53,1
70,A,2,5,,,90,1
70,A,2,6,,,28,1
70,A,2,7,,,18,1
70,A,2,8,,,9,1
70,A,2,9,,,96,1
70,A,2,10,,,22,1
70,A,2,11,,,11,1
70,A,2,12,,,20,1
71,C,2,1,2,2,2400,1
71,C,2,2,1,,1200,1
71,C,2,3,,,40,1
71,C,2,4,,,60,1
71,C,2,5,,,40,1
71,C,2,6,,,20,1
71,C,2,7,,,46,1
71,C,2,8,,,99,1
71,C,2,9,,,41,1
71,C,2,10,,,7,1
71,C,2,11,,,13,1
71,C,2,12,,,39,0
72,A,2,1,2,2,2400,1
72,A,2,2,3,,3600,1
72,A,2,3,,,1200,1
72,A,2,4,,,520,1
72,A,2,5,,,237,1
72,A,2,6,,,64,1
72,A,2,7,,,75,1
72,A,2,8,,,34,1
72,A,2,9,,,48,1
72,A,2,10,,,12,0
72,A,2,11,,,37,1
72,A,2,12,,,15,0
73,B,3,1,1,1,1200,1
73,B,3,2,1,,1200,1
73,B,3,3,,,71,1
73,B,3,4,,,141,1
73,B,3,5,,,71,1
73,B,3,6,,,168,1
73,B,3,7,,,79,1
73,B,3,8,,,6,0
73,B,3,9,,,36,0
73,B,3,10,,,29,0
73,B,3,11,,,4,0
73,B,3,12,,,30,0
74,B,2,1,14,14,16800,1
74,B,2,2,1,,1200,1
74,B,2,3,,,1200,1
74,B,2,4,,,344,1
74,B,2,5,,,61,1
74,B,2,6,,,109,1
74,B,2,7,,,95,1
74,B,2,8,,,64,0
74,B,2,9,,,652,1
74,B,2,10,,,46,1
74,B,2,11,,,106,1
74,B,2,12,,,274,1
75,A,3,1,1,1,1200,1
75,A,3,2,1,,1200,1
75,A,3,3,,,291,1
75,A,3,4,,,67,1
75,A,3,5,,,50,1
75,A,3,6,,,16,1
75,A,3,7,,,7,0
75,A,3,8,,,76,0
75,A,3,9,,,9,1
75,A,3,10,,,6,1
75,A,3,11,,,241,1
75,A,3,12,,,21,1
76,C,1,1,5,5,6000,1
76,C,1,2,3,,3600,1
76,C,1,3,,,269,1
76,C,1,4,,,190,1
76,C,1,5,,,44,1
76,C,1,6,,,55,1
76,C,1,7,,,38,1
76,C,1,8,,,69,0
76,C,1,9,,,51,1
76,C,1,10,,,70,1
76,C,1,11,,,29,1
76,C,1,12,,,111,1
77,A,3,1,14,14,16800,1
77,A,3,2,5,,6000,1
77,A,3,3,,,309,1
77,A,3,4,,,514,1
77,A,3,5,,,496,1
77,A,3,6,,,74,1
77,A,3,7,,,34,0
77,A,3,8,,,83,1
77,A,3,9,,,67,1
77,A,3,10,,,30,0
77,A,3,11,,,12,1
77,A,3,12,,,91,1
78,B,3,1,6,6,7200,1
78,B,3,2,3,,3600,1
78,B,3,3,,,508,1
78,B,3,4,,,254,1
78,B,3,5,,,26,1
78,B,3,6,,,91,1
78,B,3,7,,,133,1
78,B,3,8,,,195,1
78,B,3,9,,,181,1
78,B,3,10,,,107,1
78,B,3,11,,,41,1
78,B,3,12,,,212,1
79,B,2,1,19,25,22800,1
79,B,2,2,6,,7200,1
79,B,2,3,,,808,1
79,B,2,4,,,90,1
79,B,2,5,,,98,1
79,B,2,6,,,87,1
79,B,2,7,,,100,1
79,B,2,8,,,45,1
79,B,2,9,,,33,1
79,B,2,10,,,68,1
79,B,2,11,,,48,1
79,B,2,12,,,70,1
80,B,3,1,11,11,13200,1
80,B,3,2,2,,2400,1
80,B,3,3,,,227,1
80,B,3,4,,,7,0
80,B,3,5,,,189,1
80,B,3,6,,,768,1
80,B,3,7,,,62,1
80,B,3,8,,,93,1
80,B,3,9,,,11,0
80,B,3,10,,,7,1
80,B,3,11,,,24,1
80,B,3,12,,,30,1
81,A,1,1,19,20,22800,1
81,A,1,2,1,,1200,1
81,A,1,3,,,183,1
81,A,1,4,,,60,1
81,A,1,5,,,20,0
81,A,1,6,,,15,1
81,A,1,7,,,38,1
81,A,1,8,,,10,0
81,A,1,9,,,3,1
81,A,1,10,,,8,0
81,A,1,11,,,6,1
81,A,1,12,,,32,1
82,C,2,1,12,12,14400,1
82,C,2,2,10,,12000,1
82,C,2,3,,,298,1
82,C,2,4,,,110,1
82,C,2,5,,,264,1
82,C,2,6,,,268,1
82,C,2,7,,,39,1
82,C,2,8,,,42,1
82,C,2,9,,,51,0
82,C,2,10,,,30,1
82,C,2,11,,,68,1
82,C,2,12,,,187,1
83,B,3,1,14,14,16800,1
83,B,3,2,1,,1200,1
83,B,3,3,,,115,1
83,B,3,4,,,1200,1
83,B,3,5,,,37,1
83,B,3,6,,,12,1
83,B,3,7,,,36,1
83,B,3,8,,,89,1
83,B,3,9,,,27,1
83,B,3,10,,,8,1
83,B,3,11,,,79,1
83,B,3,12,,,14,1
84,C,2,1,19,20,22800,1
84,C,2,2,1,,1200,1
84,C,2,3,,,721,1
84,C,2,4,,,106,1
84,C,2,5,,,135,1
84,C,2,6,,,57,1
84,C,2,7,,,81,1
84,C,2,8,,,67,1
84,C,2,9,,,20,1
84,C,2,10,,,20,1
84,C,2,11,,,15,1
84,C,2,12,,,55,1
85,A,3,1,7,7,8400,1
85,A,3,2,1,,1200,1
85,A,3,3,,,20,1
85,A,3,4,,,491,1
85,A,3,5,,,4,0
85,A,3,6,,,5,0
85,A,3,7,,,4,1
85,A,3,8,,,2,0
85,A,3,9,,,14,1
85,A,3,10,,,33,1
85,A,3,11,,,10,1
85,A,3,12,,,78,1
86,A,1,1,19,25,22800,1
86,A,1,2,6,,7200,1
86,A,1,3,,,1200,1
86,A,1,4,,,178,1
86,A,1,5,,,37,1
86,A,1,6,,,43,1
86,A,1,7,,,24,1
86,A,1,8,,,48,1
86,A,1,9,,,46,1
86,A,1,10,,,13,1
86,A,1,11,,,55,1
86,A,1,12,,,549,1
87,A,3,1,1,1,1200,1
87,A,3,2,1,,1200,1
87,A,3,3,,,1200,1
87,A,3,4,,,145,1
87,A,3,5,,,26,1
87,A,3,6,,,5,0
87,A,3,7,,,68,0
87,A,3,8,,,12,1
87,A,3,9,,,10,1
87,A,3,10,,,83,1
87,A,3,11,,,12,1
87,A,3,12,,,52,1
88,A,3,1,1,1,1200,1
88,A,3,2,19,,22800,1
88,A,3,3,,,1200,1
88,A,3,4,,,1200,1
88,A,3,5,,,1200,1
88,A,3,6,,,1200,1
88,A,3,7,,,1200,1
88,A,3,8,,,1200,1
88,A,3,9,,,180,1
88,A,3,10,,,139,1
88,A,3,11,,,81,1
88,A,3,12,,,34,1
89,B,2,1,2,2,2400,1
89,B,2,2,1,,1200,1
89,B,2,3,,,223,1
89,B,2,4,,,1200,1
89,B,2,5,,,34,1
89,B,2,6,,,70,1
89,B,2,7,,,86,1
89,B,2,8,,,40,1
89,B,2,9,,,75,1
89,B,2,10,,,31,0
89,B,2,11,,,25,1
89,B,2,12,,,4,0
90,A,2,1,9,9,10800,1
90,A,2,2,1,,1200,1
90,A,2,3,,,48,1
90,A,2,4,,,425,1
90,A,2,5,,,19,1
90,A,2,6,,,27,1
90,A,2,7,,,30,1
90,A,2,8,,,56,1
90,A,2,9,,,10,0
90,A,2,10,,,11,0
90,A,2,11,,,7,0
90,A,2,12,,,175,1
91,A,1,1,13,13,15600,1
91,A,1,2,1,,1200,1
91,A,1,3,,,94,1
91,A,1,4,,,39,1
91,A,1,5,,,213,1
91,A,1,6,,,43,1
91,A,1,7,,,15,1
91,A,1,8,,,10,0
91,A,1,9,,,17,1
91,A,1,10,,,108,1
91,A,1,11,,,16,1
91,A,1,12,,,34,1
92,B,1,1,19,38,22800,1
92,B,1,2,19,,22800,1
92,B,1,3,,,1200,1
92,B,1,4,,,1200,1
92,B,1,5,,,1200,1
92,B,1,6,,,99,1
92,B,1,7,,,38,1
92,B,1,8,,,51,1
92,B,1,9,,,130,1
92,B,1,10,,,36,0
92,B,1,11,,,9,1
92,B,1,12,,,14,1
93,B,1,1,19,20,22800,1
93,B,1,2,1,,1200,1
93,B,1,3,,,1200,1
93,B,1,4,,,1200,1
93,B,1,5,,,387,1
93,B,1,6,,,1200,1
93,B,1,7,,,135,1
93,B,1,8,,,674,0
93,B,1,9,,,46,0
93,B,1,10,,,128,0
93,B,1,11,,,25,1
93,B,1,12,,,12,1
94,C,3,1,19,38,22800,1
94,C,3,2,19,,22800,1
94,C,3,3,,,1200,1
94,C,3,4,,,1200,1
94,C,3,5,,,1200,1
94,C,3,6,,,1200,1
94,C,3,7,,,1200,1
94,C,3,8,,,,
94,C,3,9,,,1200,1
94,C,3,10,,,900,1
94,C,3,11,,,102,1
94,C,3,12,,,169,1
95,B,3,1,19,38,22800,1
95,B,3,2,19,,22800,1
95,B,3,3,,,1200,1
95,B,3,4,,,1200,1
95,B,3,5,,,1200,1
95,B,3,6,,,111,1
95,B,3,7,,,79,1
95,B,3,8,,,58,1
95,B,3,9,,,76,1
95,B,3,10,,,61,1
95,B,3,11,,,26,1
95,B,3,12,,,32,1
96,A,1,1,18,18,21600,1
96,A,1,2,6,,7200,1
96,A,1,3,,,230,1
96,A,1,4,,,80,1
96,A,1,5,,,78,1
96,A,1,6,,,70,1
96,A,1,7,,,103,1
96,A,1,8,,,76,1
96,A,1,9,,,70,1
96,A,1,10,,,136,0
96,A,1,11,,,24,1
96,A,1,12,,,39,0
97,C,1,1,1,1,1200,1
97,C,1,2,6,,7200,1
97,C,1,3,,,660,1
97,C,1,4,,,80,1
97,C,1,5,,,104,1
97,C,1,6,,,29,1
97,C,1,7,,,9,1
97,C,1,8,,,28,1
97,C,1,9,,,551,1
97,C,1,10,,,39,1
97,C,1,11,,,31,1
97,C,1,12,,,11,0
98,C,2,1,19,38,22800,1
98,C,2,2,19,,22800,1
98,C,2,3,,,1200,1
98,C,2,4,,,22,1
98,C,2,5,,,955,1
98,C,2,6,,,148,1
98,C,2,7,,,10,1
98,C,2,8,,,24,1
98,C,2,9,,,9,1
98,C,2,10,,,7,0
98,C,2,11,,,19,1
98,C,2,12,,,8,1
99,B,2,1,6,6,7200,1
99,B,2,2,1,,1200,1
99,B,2,3,,,1200,1
99,B,2,4,,,557,1
99,B,2,5,,,939,1
99,B,2,6,,,64,1
99,B,2,7,,,73,1
99,B,2,8,,,26,1
99,B,2,9,,,9,1
99,B,2,10,,,60,1
99,B,2,11,,,20,1
99,B,2,12,,,36,1
100,C,3,1,1,1,1200,1
100,C,3,2,2,,2400,1
100,C,3,3,,,529,1
100,C,3,4,,,242,1
100,C,3,5,,,87,1
100,C,3,6,,,39,1
100,C,3,7,,,78,1
100,C,3,8,,,51,0
100,C,3,9,,,1,0
100,C,3,10,,,61,1
100,C,3,11,,,82,1
100,C,3,12,,,54,1
101,C,2,1,19,22,22800,1
101,C,2,2,3,,3600,1
101,C,2,3,,,252,1
101,C,2,4,,,337,1
101,C,2,5,,,109,1
101,C,2,6,,,82,1
101,C,2,7,,,32,1
101,C,2,8,,,90,1
101,C,2,9,,,75,1
101,C,2,10,,,47,1
101,C,2,11,,,89,1
101,C,2,12,,,17,1
102,B,1,1,19,20,22800,1
102,B,1,2,1,,1200,1
102,B,1,3,,,465,1
102,B,1,4,,,733,1
102,B,1,5,,,140,1
102,B,1,6,,,53,1
102,B,1,7,,,35,1
102,B,1,8,,,60,1
102,B,1,9,,,15,1
102,B,1,10,,,30,1
102,B,1,11,,,78,1
102,B,1,12,,,40,1
103,B,2,1,19,38,22800,1
103,B,2,2,19,,22800,1
103,B,2,3,,,1200,1
103,B,2,4,,,128,1
103,B,2,5,,,82,1
103,B,2,6,,,48,0
103,B,2,7,,,922,1
103,B,2,8,,,100,1
103,B,2,9,,,107,1
103,B,2,10,,,82,1
103,B,2,11,,,41,1
103,B,2,12,,,40,1
104,C,3,1,19,38,22800,1
104,C,3,2,19,,22800,1
104,C,3,3,,,NA,
104,C,3,4,,,NA,
104,C,3,5,,,NA,
104,C,3,6,,,NA,
104,C,3,7,,,NA,
104,C,3,8,,,NA,
104,C,3,9,,,NA,
104,C,3,10,,,NA,
104,C,3,11,,,NA,
104,C,3,12,,,NA,
105,B,2,1,7,7,8400,1
105,B,2,2,1,,1200,1
105,B,2,3,,,61,1
105,B,2,4,,,42,1
105,B,2,5,,,23,0
105,B,2,6,,,50,1
105,B,2,7,,,114,1
105,B,2,8,,,37,1
105,B,2,9,,,15,1
105,B,2,10,,,87,1
105,B,2,11,,,20,1
105,B,2,12,,,10,1
106,A,1,1,19,21,22800,1
106,A,1,2,2,,2400,1
106,A,1,3,,,208,1
106,A,1,4,,,396,1
106,A,1,5,,,48,1
106,A,1,6,,,200,1
106,A,1,7,,,44,1
106,A,1,8,,,17,1
106,A,1,9,,,7,1
106,A,1,10,,,195,1
106,A,1,11,,,9,1
106,A,1,12,,,22,1
107,B,1,1,19,38,22800,1
107,B,1,2,19,,22800,1
107,B,1,3,,,1200,1
107,B,1,4,,,1014,1
107,B,1,5,,,207,1
107,B,1,6,,,173,1
107,B,1,7,,,88,1
107,B,1,8,,,74,1
107,B,1,9,,,597,1
107,B,1,10,,,95,1
107,B,1,11,,,57,0
107,B,1,12,,,50,1
108,B,1,1,3,3,3600,1
108,B,1,2,1,,1200,1
108,B,1,3,,,291,1
108,B,1,4,,,24,1
108,B,1,5,,,56,1
108,B,1,6,,,272,1
108,B,1,7,,,88,1
108,B,1,8,,,84,1
108,B,1,9,,,92,1
108,B,1,10,,,32,1
108,B,1,11,,,11,1
108,B,1,12,,,76,1
109,A,1,1,19,38,22800,1
109,A,1,2,19,,22800,1
109,A,1,3,,,1200,1
109,A,1,4,,,1200,1
109,A,1,5,,,783,1
109,A,1,6,,,413,1
109,A,1,7,,,70,1
109,A,1,8,,,33,1
109,A,1,9,,,29,1
109,A,1,10,,,20,0
109,A,1,11,,,58,1
109,A,1,12,,,19,1
110,C,3,1,19,24,22800,1
110,C,3,2,5,,6000,1
110,C,3,3,,,1200,1
110,C,3,4,,,644,1
110,C,3,5,,,324,1
110,C,3,6,,,143,1
110,C,3,7,,,107,1
110,C,3,8,,,84,1
110,C,3,9,,,43,1
110,C,3,10,,,4,0
110,C,3,11,,,43,1
110,C,3,12,,,44,1
111,A,3,1,4,4,4800,1
111,A,3,2,1,,1200,1
111,A,3,3,,,92,1
111,A,3,4,,,48,1
111,A,3,5,,,24,1
111,A,3,6,,,133,1
111,A,3,7,,,78,1
111,A,3,8,,,21,1
111,A,3,9,,,61,1
111,A,3,10,,,11,1
111,A,3,11,,,17,1
111,A,3,12,,,11,1
112,B,2,1,19,26,22800,1
112,B,2,2,7,,8400,1
112,B,2,3,,,1200,1
112,B,2,4,,,321,1
112,B,2,5,,,1200,1
112,B,2,6,,,216,1
112,B,2,7,,,575,1
112,B,2,8,,,140,1
112,B,2,9,,,102,1
112,B,2,10,,,99,1
112,B,2,11,,,106,1
112,B,2,12,,,14,0
113,C,1,1,19,38,22800,1
113,C,1,2,19,,22800,1
113,C,1,3,,,852,1
113,C,1,4,,,553,1
113,C,1,5,,,189,1
113,C,1,6,,,49,1
113,C,1,7,,,27,1
113,C,1,8,,,13,1
113,C,1,9,,,30,1
113,C,1,10,,,59,1
113,C,1,11,,,20,1
113,C,1,12,,,42,1
114,C,1,1,19,20,22800,1
114,C,1,2,1,,1200,1
114,C,1,3,,,1200,1
114,C,1,4,,,49,1
114,C,1,5,,,9,1
114,C,1,6,,,20,0
114,C,1,7,,,27,1
114,C,1,8,,,12,0
114,C,1,9,,,9,0
114,C,1,10,,,27,1
114,C,1,11,,,4,0
114,C,1,12,,,7,0
115,A,2,1,3,3,3600,1
115,A,2,2,1,,1200,1
115,A,2,3,,,191,1
115,A,2,4,,,55,1
115,A,2,5,,,35,1
115,A,2,6,,,26,1
115,A,2,7,,,19,1
115,A,2,8,,,61,1
115,A,2,9,,,14,1
115,A,2,10,,,19,1
115,A,2,11,,,15,1
115,A,2,12,,,26,1
116,C,1,1,9,9,10800,1
116,C,1,2,1,,1200,1
116,C,1,3,,,178,1
116,C,1,4,,,43,1
116,C,1,5,,,19,1
116,C,1,6,,,24,1
116,C,1,7,,,14,1
116,C,1,8,,,22,1
116,C,1,9,,,4,0
116,C,1,10,,,10,1
116,C,1,11,,,8,0
116,C,1,12,,,16,1
117,C,3,1,14,14,16800,1
117,C,3,2,19,,22800,1
117,C,3,3,,,1200,1
117,C,3,4,,,1200,1
117,C,3,5,,,1200,1
117,C,3,6,,,1200,1
117,C,3,7,,,1200,1
117,C,3,8,,,1200,1
117,C,3,9,,,339,1
117,C,3,10,,,1200,0
117,C,3,11,,,87,1
117,C,3,12,,,1200,1
118,B,2,1,1,1,1200,1
118,B,2,2,1,,1200,1
118,B,2,3,,,270,1
118,B,2,4,,,34,1
118,B,2,5,,,22,1
118,B,2,6,,,35,1
118,B,2,7,,,30,1
118,B,2,8,,,83,1
118,B,2,9,,,126,1
118,B,2,10,,,21,1
118,B,2,11,,,10,1
118,B,2,12,,,15,1
119,B,1,1,8,8,9600,1
119,B,1,2,1,,1200,1
119,B,1,3,,,38,1
119,B,1,4,,,159,1
119,B,1,5,,,46,1
119,B,1,6,,,35,1
119,B,1,7,,,106,1
119,B,1,8,,,65,1
119,B,1,9,,,29,1
119,B,1,10,,,7,1
119,B,1,11,,,78,1
119,B,1,12,,,15,1
120,B,3,1,1,1,1200,1
120,B,3,2,1,,1200,1
120,B,3,3,,,63,1
120,B,3,4,,,31,1
120,B,3,5,,,18,1
120,B,3,6,,,26,1
120,B,3,7,,,26,1
120,B,3,8,,,88,1
120,B,3,9,,,10,1
120,B,3,10,,,18,1
120,B,3,11,,,20,1
120,B,3,12,,,19,1
121,C,1,1,1,1,1200,1
121,C,1,2,1,,1200,1
121,C,1,3,,,296,1
121,C,1,4,,,102,1
121,C,1,5,,,155,1
121,C,1,6,,,109,1
121,C,1,7,,,133,1
121,C,1,8,,,76,1
121,C,1,9,,,43,1
121,C,1,10,,,76,1
121,C,1,11,,,11,1
121,C,1,12,,,51,1
122,A,1,1,1,1,1200,1
122,A,1,2,1,,1200,1
122,A,1,3,,,518,1
122,A,1,4,,,255,1
122,A,1,5,,,41,1
122,A,1,6,,,34,1
122,A,1,7,,,35,1
122,A,1,8,,,16,1
122,A,1,9,,,4,0
122,A,1,10,,,27,1
122,A,1,11,,,4,0
122,A,1,12,,,30,1
123,B,1,1,19,23,22800,1
123,B,1,2,4,,4800,1
123,B,1,3,,,76,1
123,B,1,4,,,919,1
123,B,1,5,,,33,0
123,B,1,6,,,156,1
123,B,1,7,,,14,1
123,B,1,8,,,91,1
123,B,1,9,,,20,1
123,B,1,10,,,90,1
123,B,1,11,,,16,1
123,B,1,12,,,36,1
124,C,2,1,1,1,1200,1
124,C,2,2,1,,1200,1
124,C,2,3,,,121,1
124,C,2,4,,,30,1
124,C,2,5,,,54,1
124,C,2,6,,,56,1
124,C,2,7,,,53,1
124,C,2,8,,,146,1
124,C,2,9,,,54,1
124,C,2,10,,,17,1
124,C,2,11,,,14,1
124,C,2,12,,,13,1
125,A,1,1,19,30,22800,1
125,A,1,2,11,,13200,1
125,A,1,3,,,550,1
125,A,1,4,,,97,1
125,A,1,5,,,40,1
125,A,1,6,,,63,1
125,A,1,7,,,22,1
125,A,1,8,,,95,1
125,A,1,9,,,56,1
125,A,1,10,,,48,1
125,A,1,11,,,3,1
125,A,1,12,,,13,1
126,B,1,1,12,12,14400,1
126,B,1,2,1,,1200,1
126,B,1,3,,,874,1
126,B,1,4,,,66,1
126,B,1,5,,,179,1
126,B,1,6,,,249,1
126,B,1,7,,,164,1
126,B,1,8,,,89,1
126,B,1,9,,,3,1
126,B,1,10,,,2,0
126,B,1,11,,,107,1
126,B,1,12,,,63,1
127,A,2,1,2,2,2400,1
127,A,2,2,1,,1200,1
127,A,2,3,,,354,1
127,A,2,4,,,26,1
127,A,2,5,,,5,0
127,A,2,6,,,39,1
127,A,2,7,,,26,1
127,A,2,8,,,46,1
127,A,2,9,,,19,1
127,A,2,10,,,24,1
127,A,2,11,,,52,1
127,A,2,12,,,45,1
128,A,1,1,8,8,9600,1
128,A,1,2,1,,1200,1
128,A,1,3,,,568,1
128,A,1,4,,,40,1
128,A,1,5,,,86,1
128,A,1,6,,,34,0
128,A,1,7,,,35,1
128,A,1,8,,,127,1
128,A,1,9,,,28,1
128,A,1,10,,,185,1
128,A,1,11,,,126,1
128,A,1,12,,,76,1
129,B,1,1,1,1,1200,1
129,B,1,2,1,,1200,1
129,B,1,3,,,71,1
129,B,1,4,,,42,1
129,B,1,5,,,11,1
129,B,1,6,,,5,0
129,B,1,7,,,47,1
129,B,1,8,,,16,1
129,B,1,9,,,56,1
129,B,1,10,,,9,1
129,B,1,11,,,4,0
129,B,1,12,,,81,1
130,B,3,1,19,23,22800,1
130,B,3,2,4,,4800,1
130,B,3,3,,,359,1
130,B,3,4,,,NA,1
130,B,3,5,,,NA,1
130,B,3,6,,,NA,1
130,B,3,7,,,NA,1
130,B,3,8,,,NA,1
130,B,3,9,,,NA,1
130,B,3,10,,,NA,1
130,B,3,11,,,NA,1
130,B,3,12,,,NA,1
131,A,3,1,3,3,3600,1
131,A,3,2,1,,1200,1
131,A,3,3,,,94,1
131,A,3,4,,,188,1
131,A,3,5,,,41,1
131,A,3,6,,,28,1
131,A,3,7,,,47,1
131,A,3,8,,,8,1
131,A,3,9,,,8,1
131,A,3,10,,,6,1
131,A,3,11,,,23,0
131,A,3,12,,,30,1
132,C,3,1,19,38,22800,1
132,C,3,2,19,,22800,1
132,C,3,3,,,1200,1
132,C,3,4,,,1200,1
132,C,3,5,,,1200,1
132,C,3,6,,,1200,1
132,C,3,7,,,1200,1
132,C,3,8,,,1200,1
132,C,3,9,,,1200,1
132,C,3,10,,,1200,1
132,C,3,11,,,1200,1
132,C,3,12,,,1200,1
133,B,2,1,19,38,22800,1
133,B,2,2,19,,22800,1
133,B,2,3,,,59,1
133,B,2,4,,,1200,1
133,B,2,5,,,145,1
133,B,2,6,,,296,1
133,B,2,7,,,1200,1
133,B,2,8,,,66,1
133,B,2,9,,,45,1
133,B,2,10,,,26,1
133,B,2,11,,,37,1
133,B,2,12,,,71,1
134,C,1,1,19,38,22800,1
134,C,1,2,19,,22800,1
134,C,1,3,,,72,1
134,C,1,4,,,558,1
134,C,1,5,,,25,1
134,C,1,6,,,70,1
134,C,1,7,,,61,1
134,C,1,8,,,5,0
134,C,1,9,,,26,0
134,C,1,10,,,105,1
134,C,1,11,,,12,1
134,C,1,12,,,54,1
135,B,2,1,19,38,22800,1
135,B,2,2,19,,22800,1
135,B,2,3,,,93,1
135,B,2,4,,,1200,1
135,B,2,5,,,1200,1
135,B,2,6,,,1200,1
135,B,2,7,,,1200,1
135,B,2,8,,,1200,1
135,B,2,9,,,20,1
135,B,2,10,,,20,1
135,B,2,11,,,148,1
135,B,2,12,,,112,1
136,C,2,1,19,38,22800,1
136,C,2,2,19,,22800,1
136,C,2,3,,,459,1
136,C,2,4,,,1200,1
136,C,2,5,,,83,1
136,C,2,6,,,49,1
136,C,2,7,,,58,1
136,C,2,8,,,45,1
136,C,2,9,,,55,1
136,C,2,10,,,15,1
136,C,2,11,,,38,1
136,C,2,12,,,7,1
137,B,3,1,19,26,22800,1
137,B,3,2,7,,8400,1
137,B,3,3,,,206,1
137,B,3,4,,,102,1
137,B,3,5,,,127,1
137,B,3,6,,,789,1
137,B,3,7,,,80,1
137,B,3,8,,,91,1
137,B,3,9,,,95,1
137,B,3,10,,,178,1
137,B,3,11,,,135,1
137,B,3,12,,,21,1
138,A,3,1,1,1,1200,1
138,A,3,2,1,,1200,1
138,A,3,3,,,596,1
138,A,3,4,,,146,1
138,A,3,5,,,92,1
138,A,3,6,,,71,1
138,A,3,7,,,18,1
138,A,3,8,,,13,0
138,A,3,9,,,29,1
138,A,3,10,,,34,1
138,A,3,11,,,65,1
138,A,3,12,,,17,1
139,C,2,1,19,27,22800,1
139,C,2,2,8,,9600,1
139,C,2,3,,,1200,1
139,C,2,4,,,1200,1
139,C,2,5,,,1136,1
139,C,2,6,,,31,1
139,C,2,7,,,48,1
139,C,2,8,,,26,1
139,C,2,9,,,70,1
139,C,2,10,,,160,1
139,C,2,11,,,16,1
139,C,2,12,,,83,1
140,C,1,1,1,1,1200,1
140,C,1,2,1,,1200,1
140,C,1,3,,,77,1
140,C,1,4,,,82,1
140,C,1,5,,,85,1
140,C,1,6,,,38,1
140,C,1,7,,,23,1
140,C,1,8,,,34,1
140,C,1,9,,,19,1
140,C,1,10,,,158,1
140,C,1,11,,,78,1
140,C,1,12,,,24,1
141,A,3,1,1,1,1200,1
141,A,3,2,1,,1200,1
141,A,3,3,,,101,1
141,A,3,4,,,7,1
141,A,3,5,,,135,1
141,A,3,6,,,6,1
141,A,3,7,,,17,1
141,A,3,8,,,48,1
141,A,3,9,,,128,1
141,A,3,10,,,17,0
141,A,3,11,,,833,1
141,A,3,12,,,196,1
142,A,1,1,19,23,22800,1
142,A,1,2,4,,4800,1
142,A,1,3,,,1200,1
142,A,1,4,,,407,1
142,A,1,5,,,202,1
142,A,1,6,,,87,1
142,A,1,7,,,80,1
142,A,1,8,,,63,1
142,A,1,9,,,45,1
142,A,1,10,,,84,1
142,A,1,11,,,80,1
142,A,1,12,,,20,0
143,C,3,1,1,1,1200,1
143,C,3,2,1,,1200,1
143,C,3,3,,,124,1
143,C,3,4,,,545,1
143,C,3,5,,,200,1
143,C,3,6,,,322,1
143,C,3,7,,,61,1
143,C,3,8,,,252,1
143,C,3,9,,,164,1
143,C,3,10,,,1200,1
143,C,3,11,,,194,1
143,C,3,12,,,137,1
144,A,2,1,1,1,1200,1
144,A,2,2,19,,22800,1
144,A,2,3,,,1200,1
144,A,2,4,,,1200,1
144,A,2,5,,,1200,1
144,A,2,6,,,1200,1
144,A,2,7,,,81,1
144,A,2,8,,,128,1
144,A,2,9,,,212,1
144,A,2,10,,,55,1
144,A,2,11,,,17,1
144,A,2,12,,,5,0
145,A,2,1,2,2,2400,1
145,A,2,2,5,,6000,1
145,A,2,3,,,1200,1
145,A,2,4,,,44,1
145,A,2,5,,,403,1
145,A,2,6,,,166,1
145,A,2,7,,,73,1
145,A,2,8,,,96,1
145,A,2,9,,,139,1
145,A,2,10,,,45,1
145,A,2,11,,,28,1
145,A,2,12,,,35,1
146,B,3,1,7,7,8400,1
146,B,3,2,2,,2400,1
146,B,3,3,,,616,1
146,B,3,4,,,103,1
146,B,3,5,,,347,1
146,B,3,6,,,50,1
146,B,3,7,,,65,1
146,B,3,8,,,110,1
146,B,3,9,,,23,1
146,B,3,10,,,42,1
146,B,3,11,,,85,1
146,B,3,12,,,35,1
147,C,2,1,6,6,7200,1
147,C,2,2,3,,3600,1
147,C,2,3,,,338,1
147,C,2,4,,,66,1
147,C,2,5,,,39,1
147,C,2,6,,,58,1
147,C,2,7,,,41,1
147,C,2,8,,,139,1
147,C,2,9,,,40,1
147,C,2,10,,,62,1
147,C,2,11,,,37,1
147,C,2,12,,,56,1
148,B,1,1,12,12,14400,1
148,B,1,2,1,,1200,1
148,B,1,3,,,537,1
148,B,1,4,,,87,1
148,B,1,5,,,79,1
148,B,1,6,,,22,1
148,B,1,7,,,46,1
148,B,1,8,,,24,1
148,B,1,9,,,26,1
148,B,1,10,,,16,1
148,B,1,11,,,5,1
148,B,1,12,,,20,1
149,C,3,1,3,3,3600,1
149,C,3,2,5,,6000,1
149,C,3,3,,,151,1
149,C,3,4,,,1200,1
149,C,3,5,,,404,1
149,C,3,6,,,97,1
149,C,3,7,,,350,1
149,C,3,8,,,12,1
149,C,3,9,,,218,1
149,C,3,10,,,152,1
149,C,3,11,,,101,0
149,C,3,12,,,26,1
150,C,1,1,7,7,8400,1
150,C,1,2,1,,1200,1
150,C,1,3,,,13,1
150,C,1,4,,,46,1
150,C,1,5,,,7,0
150,C,1,6,,,56,1
150,C,1,7,,,7,1
150,C,1,8,,,8,1
150,C,1,9,,,48,1
150,C,1,10,,,19,1
150,C,1,11,,,8,1
150,C,1,12,,,31,1
151,B,3,1,19,38,22800,1
151,B,3,2,19,,22800,1
151,B,3,3,,,1200,1
151,B,3,4,,,1200,1
151,B,3,5,,,94,1
151,B,3,6,,,124,0
151,B,3,7,,,57,1
151,B,3,8,,,19,1
151,B,3,9,,,16,1
151,B,3,10,,,30,1
151,B,3,11,,,15,1
151,B,3,12,,,45,1
152,C,1,1,19,38,22800,1
152,C,1,2,19,,22800,1
152,C,1,3,,,1200,1
152,C,1,4,,,1200,1
152,C,1,5,,,463,1
152,C,1,6,,,224,1
152,C,1,7,,,103,1
152,C,1,8,,,276,1
152,C,1,9,,,54,1
152,C,1,10,,,41,1
152,C,1,11,,,13,1
152,C,1,12,,,48,1
153,C,2,1,1,1,1200,1
153,C,2,2,1,,1200,1
153,C,2,3,,,122,1
153,C,2,4,,,32,1
153,C,2,5,,,248,1
153,C,2,6,,,NA,1
153,C,2,7,,,NA,1
153,C,2,8,,,NA,1
153,C,2,9,,,NA,1
153,C,2,10,,,NA,1
153,C,2,11,,,NA,1
153,C,2,12,,,NA,1
154,A,3,1,1,1,1200,1
154,A,3,2,1,,1200,1
154,A,3,3,,,8,1
154,A,3,4,,,6,0
154,A,3,5,,,64,1
154,A,3,6,,,9,0
154,A,3,7,,,39,1
154,A,3,8,,,40,1
154,A,3,9,,,29,1
154,A,3,10,,,93,1
154,A,3,11,,,16,1
154,A,3,12,,,119,1
155,C,3,1,1,1,1200,1
155,C,3,2,1,,1200,1
155,C,3,3,,,97,1
155,C,3,4,,,98,1
155,C,3,5,,,87,1
155,C,3,6,,,159,1
155,C,3,7,,,32,1
155,C,3,8,,,35,1
155,C,3,9,,,76,1
155,C,3,10,,,129,1
155,C,3,11,,,24,0
155,C,3,12,,,11,0
156,A,2,1,19,38,22800,1
156,A,2,2,19,,22800,1
156,A,2,3,,,1200,1
156,A,2,4,,,1200,1
156,A,2,5,,,1200,1
156,A,2,6,,,1200,1
156,A,2,7,,,1200,1
156,A,2,8,,,70,1
156,A,2,9,,,620,1
156,A,2,10,,,154,1
156,A,2,11,,,92,1
156,A,2,12,,,258,1
157,C,1,1,3,3,3600,1
157,C,1,2,19,,22800,1
157,C,1,3,,,842,1
157,C,1,4,,,309,1
157,C,1,5,,,92,1
157,C,1,6,,,32,1
157,C,1,7,,,9,1
157,C,1,8,,,56,1
157,C,1,9,,,20,1
157,C,1,10,,,10,0
157,C,1,11,,,10,1
157,C,1,12,,,21,1
158,A,3,1,1,1,1200,1
158,A,3,2,1,,1200,1
158,A,3,3,,,107,1
158,A,3,4,,,23,1
158,A,3,5,,,1056,1
158,A,3,6,,,108,1
158,A,3,7,,,126,1
158,A,3,8,,,111,1
158,A,3,9,,,70,1
158,A,3,10,,,63,1
158,A,3,11,,,6,1
158,A,3,12,,,37,1
159,A,3,1,1,1,1200,1
159,A,3,2,1,,1200,1
159,A,3,3,,,90,1
159,A,3,4,,,113,1
159,A,3,5,,,21,1
159,A,3,6,,,13,1
159,A,3,7,,,12,1
159,A,3,8,,,50,1
159,A,3,9,,,42,1
159,A,3,10,,,45,1
159,A,3,11,,,67,1
159,A,3,12,,,52,1
160,B,1,1,1,1,1200,1
160,B,1,2,1,,1200,1
160,B,1,3,,,33,1
160,B,1,4,,,10,1
160,B,1,5,,,7,1
160,B,1,6,,,44,1
160,B,1,7,,,11,0
160,B,1,8,,,71,0
160,B,1,9,,,11,1
160,B,1,10,,,28,1
160,B,1,11,,,27,1
160,B,1,12,,,202,1
161,B,3,1,1,1,1200,1
161,B,3,2,1,,1200,1
161,B,3,3,,,106,1
161,B,3,4,,,43,1
161,B,3,5,,,156,1
161,B,3,6,,,48,1
161,B,3,7,,,41,1
161,B,3,8,,,50,1
161,B,3,9,,,24,1
161,B,3,10,,,22,1
161,B,3,11,,,8,0
161,B,3,12,,,84,1
162,C,3,1,19,38,22800,1
162,C,3,2,19,,22800,1
162,C,3,3,,,1200,1
162,C,3,4,,,1200,1
162,C,3,5,,,1200,1
162,C,3,6,,,1200,1
162,C,3,7,,,1200,1
162,C,3,8,,,1200,1
162,C,3,9,,,1200,1
162,C,3,10,,,447,1
162,C,3,11,,,380,1
162,C,3,12,,,229,1
163,C,1,1,19,38,22800,1
163,C,1,2,19,,22800,1
163,C,1,3,,,1200,1
163,C,1,4,,,89,1
163,C,1,5,,,202,1
163,C,1,6,,,41,1
163,C,1,7,,,26,1
163,C,1,8,,,10,1
163,C,1,9,,,16,1
163,C,1,10,,,30,1
163,C,1,11,,,26,1
163,C,1,12,,,47,1
164,A,1,1,1,1,1200,1
164,A,1,2,1,,1200,1
164,A,1,3,,,1004,1
164,A,1,4,,,322,1
164,A,1,5,,,40,1
164,A,1,6,,,83,1
164,A,1,7,,,46,1
164,A,1,8,,,36,1
164,A,1,9,,,7,0
164,A,1,10,,,60,1
164,A,1,11,,,65,1
164,A,1,12,,,89,1
165,A,3,1,3,3,3600,1
165,A,3,2,1,,1200,1
165,A,3,3,,,278,1
165,A,3,4,,,104,1
165,A,3,5,,,39,1
165,A,3,6,,,47,0
165,A,3,7,,,40,1
165,A,3,8,,,31,1
165,A,3,9,,,44,1
165,A,3,10,,,40,1
165,A,3,11,,,47,1
165,A,3,12,,,110,1
166,A,1,1,4,4,4800,1
166,A,1,2,1,,1200,1
166,A,1,3,,,333,1
166,A,1,4,,,1200,1
166,A,1,5,,,50,1
166,A,1,6,,,67,1
166,A,1,7,,,84,1
166,A,1,8,,,45,1
166,A,1,9,,,12,1
166,A,1,10,,,62,1
166,A,1,11,,,52,1
166,A,1,12,,,29,1
167,B,2,1,6,6,7200,1
167,B,2,2,19,,22800,1
167,B,2,3,,,1200,1
167,B,2,4,,,1200,1
167,B,2,5,,,1200,1
167,B,2,6,,,1200,1
167,B,2,7,,,13,0
167,B,2,8,,,171,1
167,B,2,9,,,149,1
167,B,2,10,,,110,1
167,B,2,11,,,1200,1
167,B,2,12,,,1200,1
168,B,3,1,6,6,7200,1
168,B,3,2,1,,1200,1
168,B,3,3,,,141,1
168,B,3,4,,,113,1
168,B,3,5,,,171,1
168,B,3,6,,,702,1
168,B,3,7,,,58,1
168,B,3,8,,,57,1
168,B,3,9,,,32,1
168,B,3,10,,,99,1
168,B,3,11,,,33,1
168,B,3,12,,,82,1
169,A,3,1,19,22,22800,1
169,A,3,2,3,,3600,1
169,A,3,3,,,321,1
169,A,3,4,,,119,1
169,A,3,5,,,59,1
169,A,3,6,,,61,1
169,A,3,7,,,59,1
169,A,3,8,,,76,1
169,A,3,9,,,155,1
169,A,3,10,,,21,1
169,A,3,11,,,12,1
169,A,3,12,,,19,1
170,A,2,1,3,3,3600,1
170,A,2,2,1,,1200,1
170,A,2,3,,,1200,1
170,A,2,4,,,122,1
170,A,2,5,,,54,1
170,A,2,6,,,50,1
170,A,2,7,,,71,1
170,A,2,8,,,60,1
170,A,2,9,,,47,1
170,A,2,10,,,64,1
170,A,2,11,,,142,1
170,A,2,12,,,49,1
171,B,2,1,19,38,22800,1
171,B,2,2,19,,22800,1
171,B,2,3,,,1200,1
171,B,2,4,,,1200,1
171,B,2,5,,,1200,1
171,B,2,6,,,86,1
171,B,2,7,,,49,1
171,B,2,8,,,53,1
171,B,2,9,,,610,1
171,B,2,10,,,3,1
171,B,2,11,,,14,1
171,B,2,12,,,96,1
172,A,2,1,1,1,1200,1
172,A,2,2,1,,1200,1
172,A,2,3,,,10,1
172,A,2,4,,,16,1
172,A,2,5,,,9,1
172,A,2,6,,,8,1
172,A,2,7,,,17,1
172,A,2,8,,,10,1
172,A,2,9,,,68,1
172,A,2,10,,,7,1
172,A,2,11,,,3,1
172,A,2,12,,,5,1
173,A,2,1,1,1,1200,1
173,A,2,2,1,,1200,1
173,A,2,3,,,47,1
173,A,2,4,,,14,1
173,A,2,5,,,16,1
173,A,2,6,,,26,1
173,A,2,7,,,8,1
173,A,2,8,,,34,1
173,A,2,9,,,17,1
173,A,2,10,,,26,1
173,A,2,11,,,10,1
173,A,2,12,,,63,1
174,C,2,1,1,1,1200,1
174,C,2,2,1,,1200,1
174,C,2,3,,,440,1
174,C,2,4,,,80,1
174,C,2,5,,,55,1
174,C,2,6,,,16,1
174,C,2,7,,,30,1
174,C,2,8,,,61,1
174,C,2,9,,,10,1
174,C,2,10,,,8,0
174,C,2,11,,,9,0
174,C,2,12,,,74,1
175,C,2,1,19,26,22800,1
175,C,2,2,7,,8400,1
175,C,2,3,,,966,1
175,C,2,4,,,52,1
175,C,2,5,,,18,1
175,C,2,6,,,54,1
175,C,2,7,,,127,1
175,C,2,8,,,5,1
175,C,2,9,,,34,1
175,C,2,10,,,204,1
175,C,2,11,,,5,1
175,C,2,12,,,120,1
176,A,1,1,15,15,18000,1
176,A,1,2,19,,22800,1
176,A,1,3,,,1200,1
176,A,1,4,,,1200,1
176,A,1,5,,,377,0
176,A,1,6,,,279,0
176,A,1,7,,,132,1
176,A,1,8,,,31,1
176,A,1,9,,,84,1
176,A,1,10,,,68,1
176,A,1,11,,,31,1
176,A,1,12,,,86,1
177,A,1,1,3,3,3600,1
177,A,1,2,1,,1200,1
177,A,1,3,,,134,1
177,A,1,4,,,66,1
177,A,1,5,,,65,1
177,A,1,6,,,76,1
177,A,1,7,,,61,1
177,A,1,8,,,45,1
177,A,1,9,,,35,1
177,A,1,10,,,98,1
177,A,1,11,,,18,1
177,A,1,12,,,24,1
178,B,3,1,1,1,1200,1
178,B,3,2,1,,1200,1
178,B,3,3,,,132,1
178,B,3,4,,,41,1
178,B,3,5,,,16,1
178,B,3,6,,,11,1
178,B,3,7,,,6,1
178,B,3,8,,,29,1
178,B,3,9,,,11,1
178,B,3,10,,,10,1
178,B,3,11,,,8,0
178,B,3,12,,,48,1
179,A,1,1,19,20,22800,1
179,A,1,2,1,,1200,1
179,A,1,3,,,1200,1
179,A,1,4,,,265,1
179,A,1,5,,,57,1
179,A,1,6,,,6,1
179,A,1,7,,,36,1
179,A,1,8,,,10,0
179,A,1,9,,,12,1
179,A,1,10,,,18,1
179,A,1,11,,,6,0
179,A,1,12,,,20,1
180,A,3,1,19,38,22800,1
180,A,3,2,19,,22800,1
180,A,3,3,,,1200,1
180,A,3,4,,,1200,1
180,A,3,5,,,1200,1
180,A,3,6,,,1200,1
180,A,3,7,,,1200,1
180,A,3,8,,,1200,1
180,A,3,9,,,68,1
180,A,3,10,,,40,1
180,A,3,11,,,58,1
180,A,3,12,,,54,1
181,B,3,1,8,8,9600,1
181,B,3,2,3,,3600,1
181,B,3,3,,,971,1
181,B,3,4,,,211,1
181,B,3,5,,,91,1
181,B,3,6,,,37,1
181,B,3,7,,,239,1
181,B,3,8,,,1135,1
181,B,3,9,,,23,0
181,B,3,10,,,81,1
181,B,3,11,,,56,1
181,B,3,12,,,37,0
182,A,2,1,1,1,1200,1
182,A,2,2,1,,1200,1
182,A,2,3,,,51,1
182,A,2,4,,,89,1
182,A,2,5,,,63,1
182,A,2,6,,,76,1
182,A,2,7,,,38,1
182,A,2,8,,,53,1
182,A,2,9,,,19,1
182,A,2,10,,,6,1
182,A,2,11,,,36,1
182,A,2,12,,,26,1
183,C,2,1,2,2,2400,1
183,C,2,2,1,,1200,1
183,C,2,3,,,71,1
183,C,2,4,,,42,1
183,C,2,5,,,34,1
183,C,2,6,,,73,1
183,C,2,7,,,46,1
183,C,2,8,,,73,1
183,C,2,9,,,13,0
183,C,2,10,,,73,1
183,C,2,11,,,13,1
183,C,2,12,,,62,1
184,C,1,1,3,3,3600,1
184,C,1,2,1,,1200,1
184,C,1,3,,,1,0
184,C,1,4,,,17,1
184,C,1,5,,,525,1
184,C,1,6,,,19,1
184,C,1,7,,,24,1
184,C,1,8,,,24,1
184,C,1,9,,,19,1
184,C,1,10,,,23,1
184,C,1,11,,,7,1
184,C,1,12,,,31,1
185,B,3,1,19,38,22800,1
185,B,3,2,19,,22800,1
185,B,3,3,,,1200,1
185,B,3,4,,,1200,1
185,B,3,5,,,1200,1
185,B,3,6,,,45,1
185,B,3,7,,,54,1
185,B,3,8,,,162,1
185,B,3,9,,,71,1
185,B,3,10,,,92,0
185,B,3,11,,,44,1
185,B,3,12,,,310,1
186,B,2,1,19,38,22800,1
186,B,2,2,19,,22800,1
186,B,2,3,,,1200,1
186,B,2,4,,,1200,1
186,B,2,5,,,753,1
186,B,2,6,,,76,1
186,B,2,7,,,73,1
186,B,2,8,,,98,1
186,B,2,9,,,70,1
186,B,2,10,,,79,1
186,B,2,11,,,9,1
186,B,2,12,,,30,1
187,A,3,1,7,7,8400,1
187,A,3,2,1,,1200,1
187,A,3,3,,,198,1
187,A,3,4,,,27,1
187,A,3,5,,,105,1
187,A,3,6,,,38,1
187,A,3,7,,,80,1
187,A,3,8,,,38,1
187,A,3,9,,,82,1
187,A,3,10,,,43,1
187,A,3,11,,,74,1
187,A,3,12,,,126,1
188,B,1,1,2,2,2400,1
188,B,1,2,19,,22800,1
188,B,1,3,,,809,1
188,B,1,4,,,959,1
188,B,1,5,,,197,1
188,B,1,6,,,126,1
188,B,1,7,,,81,1
188,B,1,8,,,57,1
188,B,1,9,,,42,1
188,B,1,10,,,11,0
188,B,1,11,,,54,1
188,B,1,12,,,302,1
189,B,1,1,10,10,12000,1
189,B,1,2,1,,1200,1
189,B,1,3,,,35,1
189,B,1,4,,,556,1
189,B,1,5,,,77,1
189,B,1,6,,,19,0
189,B,1,7,,,56,1
189,B,1,8,,,25,1
189,B,1,9,,,18,1
189,B,1,10,,,44,1
189,B,1,11,,,63,1
189,B,1,12,,,66,1
190,B,2,1,19,38,22800,1
190,B,2,2,19,,22800,1
190,B,2,3,,,1200,1
190,B,2,4,,,1081,1
190,B,2,5,,,137,1
190,B,2,6,,,104,1
190,B,2,7,,,28,1
190,B,2,8,,,31,1
190,B,2,9,,,35,1
190,B,2,10,,,40,1
190,B,2,11,,,55,1
190,B,2,12,,,46,1
191,C,2,1,6,6,7200,1
191,C,2,2,1,,1200,1
191,C,2,3,,,330,1
191,C,2,4,,,73,1
191,C,2,5,,,34,1
191,C,2,6,,,31,1
191,C,2,7,,,45,1
191,C,2,8,,,32,0
191,C,2,9,,,27,1
191,C,2,10,,,5,0
191,C,2,11,,,27,1
191,C,2,12,,,303,1
192,C,3,1,1,1,1200,1
192,C,3,2,1,,1200,1
192,C,3,3,,,233,1
192,C,3,4,,,1200,1
192,C,3,5,,,1200,1
192,C,3,6,,,272,0
192,C,3,7,,,268,0
192,C,3,8,,,226,1
192,C,3,9,,,69,0
192,C,3,10,,,112,1
192,C,3,11,,,48,1
192,C,3,12,,,390,1
193,C,3,1,1,1,1200,1
193,C,3,2,1,,1200,1
193,C,3,3,,,127,1
193,C,3,4,,,89,1
193,C,3,5,,,115,0
193,C,3,6,,,45,1
193,C,3,7,,,134,1
193,C,3,8,,,29,1
193,C,3,9,,,13,1
193,C,3,10,,,7,0
193,C,3,11,,,15,1
193,C,3,12,,,14,1
194,C,2,1,1,1,1200,1
194,C,2,2,1,,1200,1
194,C,2,3,,,70,1
194,C,2,4,,,108,1
194,C,2,5,,,19,1
194,C,2,6,,,47,1
194,C,2,7,,,33,1
194,C,2,8,,,43,1
194,C,2,9,,,9,1
194,C,2,10,,,12,0
194,C,2,11,,,11,0
194,C,2,12,,,69,1
195,B,2,1,19,38,22800,1
195,B,2,2,19,,22800,1
195,B,2,3,,,1200,1
195,B,2,4,,,1200,1
195,B,2,5,,,1200,1
195,B,2,6,,,1200,1
195,B,2,7,,,344,1
195,B,2,8,,,1200,1
195,B,2,9,,,300,1
195,B,2,10,,,35,1
195,B,2,11,,,715,1
195,B,2,12,,,420,1
196,B,3,1,19,38,22800,1
196,B,3,2,19,,22800,1
196,B,3,3,,,1200,1
196,B,3,4,,,1200,1
196,B,3,5,,,1200,1
196,B,3,6,,,1200,1
196,B,3,7,,,211,1
196,B,3,8,,,99,1
196,B,3,9,,,103,1
196,B,3,10,,,67,1
196,B,3,11,,,8,1
196,B,3,12,,,36,1
197,A,2,1,4,4,4800,1
197,A,2,2,1,,1200,1
197,A,2,3,,,1105,1
197,A,2,4,,,52,1
197,A,2,5,,,586,1
197,A,2,6,,,1200,1
197,A,2,7,,,107,1
197,A,2,8,,,14,1
197,A,2,9,,,448,1
197,A,2,10,,,62,1
197,A,2,11,,,57,1
197,A,2,12,,,88,1
198,A,2,1,1,1,1200,1
198,A,2,2,1,,1200,1
198,A,2,3,,,1200,1
198,A,2,4,,,384,1
198,A,2,5,,,23,1
198,A,2,6,,,35,1
198,A,2,7,,,14,1
198,A,2,8,,,105,1
198,A,2,9,,,32,1
198,A,2,10,,,6,1
198,A,2,11,,,31,1
198,A,2,12,,,62,1